{
  "hash": "4ee3f770",
  "browserHash": "3d56903a",
  "optimized": {
    "@angular/common": {
      "src": "../../../../../node_modules/@angular/common/fesm2022/common.mjs",
      "file": "@angular_common.js",
      "fileHash": "ce54136a",
      "needsInterop": false
    },
    "@angular/common/http": {
      "src": "../../../../../node_modules/@angular/common/fesm2022/http.mjs",
      "file": "@angular_common_http.js",
      "fileHash": "d63d8583",
      "needsInterop": false
    },
    "@angular/core": {
      "src": "../../../../../node_modules/@angular/core/fesm2022/core.mjs",
      "file": "@angular_core.js",
      "fileHash": "073fd048",
      "needsInterop": false
    },
    "@angular/forms": {
      "src": "../../../../../node_modules/@angular/forms/fesm2022/forms.mjs",
      "file": "@angular_forms.js",
      "fileHash": "14ff27df",
      "needsInterop": false
    },
    "@angular/platform-browser": {
      "src": "../../../../../node_modules/@angular/platform-browser/fesm2022/platform-browser.mjs",
      "file": "@angular_platform-browser.js",
      "fileHash": "eb0d0c2b",
      "needsInterop": false
    },
    "@angular/router": {
      "src": "../../../../../node_modules/@angular/router/fesm2022/router.mjs",
      "file": "@angular_router.js",
      "fileHash": "de38c746",
      "needsInterop": false
    }
  },
  "chunks": {
    "chunk-BOKVOCV6": {
      "file": "chunk-BOKVOCV6.js"
    },
    "chunk-D6SUYPRH": {
      "file": "chunk-D6SUYPRH.js"
    },
    "chunk-JNFLRRGR": {
      "file": "chunk-JNFLRRGR.js"
    },
    "chunk-3P3BU2IS": {
      "file": "chunk-3P3BU2IS.js"
    }
  }
}